"state_name","county_fips","county_name","val_acc_vacc","val_wearing_mask","votes_gop","votes_dem","total_votes","per_gop","per_dem","population","income"
"Arizona","4013","Maricopa County","70.3125923","92.1158285","995665","1040774","2069475","0.481119608","0.502916923","4485414","68634"
"California","6039","Madera County","68.832176","92.9932436","29378","23168","53722","0.546852314","0.431257213","157327","61105"
"California","6041","Marin County","84.4112661","96.8689542","24612","128288","155801","0.157970745","0.823409349","258826","112069"
"California","6065","Riverside County","74.8757727","96.1687953","448702","527945","996156","0.450433466","0.529982252","2470546","72905"
"Colorado","8069","Larimer County","80.5756323","95.4248703","91489","126120","224338","0.407817668","0.562187414","356899","75332"
"Delaware","10001","Kent County","65.6221616","96.5662101","41009","44552","87025","0.471232404","0.511944843","180786","58804"
"Florida","12117","Seminole County","71.2766484","90.5597784","125241","132528","260815","0.48019094","0.508130284","471826","69954"
"Georgia","13115","Floyd County","68.6689674","88.2842158","28906","11917","41341","0.699209018","0.288261048","98498","50520"
"Illinois","17143","Peoria County","61.6361185","92.3582153","38252","43578","83973","0.455527372","0.51895252","179179","57717"
"Indiana","18105","Monroe County","86.3280392","92.7669152","22071","39861","63151","0.349495653","0.631201406","148431","53113"
"Louisiana","22055","Lafayette Parish","61.9364535","83.4054625","72519","39685","114521","0.633237572","0.346530331","244390","60053"
"Maine","23019","Penobscot County","77.1106672","94.6388746","44825","37713","85269","0.525689289","0.442282658","152148","50702"
"Maryland","24015","Cecil County","63.9970691","99.5327103","29439","16809","47462","0.620264633","0.35415701","102855","75307"
"Massachusetts","25021","Norfolk County","86.1722747","97.212717","125294","273312","407751","0.307280669","0.670291428","706775","106851"
"Michigan","26049","Genesee County","64.7255497","95.6668358","98714","119390","221360","0.44594326","0.539347669","405813","50554"
"Michigan","26075","Jackson County","69.8973356","85.7834275","47372","31995","80861","0.585844845","0.395679005","158510","56001"
"Missouri","29043","Christian County","64.0486553","84.2679269","34920","11131","46839","0.745532569","0.237643844","88595","63400"
"Missouri","29183","St. Charles County","73.6964279","93.7926905","128389","89530","222017","0.578284546","0.403257408","402022","89236"
"New Jersey","34035","Somerset County","80.1822668","94.8784015","71996","111173","186891","0.385229893","0.594854755","328934","112722"
"New York","36011","Cayuga County","67.8910749","94.5418599","19512","16149","36421","0.535734878","0.44339804","76576","58055"
"New York","36055","Monroe County","79.4567749","96.0231079","145661","225746","380983","0.382329395","0.592535625","741770","62159"
"New York","36081","Queens County","75.1158549","97.1771528","212665","569038","787860","0.269927398","0.722257762","2253858","72975"
"North Carolina","37031","Carteret County","69.4145994","83.4055703","30028","12093","42695","0.703314205","0.283241597","69473","60058"
"North Carolina","37151","Randolph County","52.6284144","88.0507782","56894","15618","73316","0.776010693","0.213023078","143667","50129"
"Ohio","39035","Cuyahoga County","72.1022563","93.7698781","202699","416176","625670","0.323971103","0.665168539","1235072","52503"
"Pennsylvania","42077","Lehigh County","70.6774518","91.7119632","84259","98288","184713","0.456161721","0.532111979","369318","65436"
"Texas","48251","Johnson County","59.2881917","89.0520433","54628","16464","72005","0.758669537","0.228650788","175817","66538"
"Virginia","51161","Roanoke County","75.5980959","93.2410755","34268","21801","57184","0.599258534","0.381243005","94186","71742"
"West Virginia","54039","Kanawha County","80.3458996","88.7218421","46398","34344","82244","0.564150576","0.417586693","178124","48334"
"Arkansas","5119","Pulaski County","72.5128129","96.0052133","63687","101947","169956","0.3747264","0.599843489","391911","52684"
"California","6037","Los Angeles County","76.9623394","95.9123825","1145530","3028885","4263443","0.268686599","0.710431686","10039107","72721"
"Colorado","8005","Arapahoe County","81.4987163","94.3341025","127323","213607","350183","0.363589894","0.609986778","656590","82364"
"Connecticut","9003","Hartford County","74.7161382","96.5197022","159024","283368","449336","0.353908879","0.630637207","891720","75336"
"Florida","12061","Indian River County","67.4202752","91.3527471","58872","37844","97484","0.603914489","0.388207296","159923","61173"
"Florida","12113","Santa Rosa County","63.4741168","82.813568","77385","27612","106928","0.723711282","0.258229837","184313","66139"
"Idaho","16055","Kootenai County","56.4194984","72.6403312","62837","24312","89878","0.699136607","0.270500011","165697","62764"
"Idaho","16083","Twin Falls County","60.4313126","72.8510637","25897","9391","36680","0.706025082","0.256025082","86878","56141"
"Illinois","17197","Will County","69.8142893","93.9182845","155116","183915","346266","0.447967747","0.531137911","690743","90249"
"Louisiana","22103","St. Tammany Parish","70.7267349","93.4267101","99666","37746","140110","0.711341089","0.269402612","260419","71526"
"Maryland","24045","Wicomico County","65.0712224","93.7918428","22944","22054","46216","0.496451445","0.477194045","103609","54351"
"Michigan","26159","Van Buren County","64.8892502","87.1375656","21591","16803","39066","0.55268008","0.430118261","75677","58733"
"Minnesota","27123","Ramsey County","82.6922135","96.2637479","77376","211620","295977","0.261425719","0.714987989","550321","68652"
"Missouri","29097","Jasper County","69.9308892","71.8865609","37728","13549","52352","0.720660147","0.258805776","121328","46021"
"New Jersey","34005","Burlington County","71.8002038","95.2338122","103345","154595","262650","0.393470398","0.588596992","445349","88443"
"New Jersey","34039","Union County","81.0909041","97.4116799","80002","170245","254041","0.314917671","0.670147732","556341","79953"
"New York","36007","Broome County","72.8953827","94.1996803","43800","47010","92794","0.472013277","0.506606031","190488","52179"
"New York","36059","Nassau County","74.6229658","96.4910285","326716","396504","732756","0.445872842","0.541113276","1356924","117767"
"New York","36117","Wayne County","67.0935128","93.2642898","26204","17456","44714","0.586035694","0.390392271","89918","61989"
"Ohio","39057","Greene County","78.3568227","96.7060682","52072","34798","88643","0.587434992","0.392563429","168937","69709"
"Ohio","39169","Wayne County","61.0182323","85.6509727","36759","16660","54283","0.677173332","0.306910082","115710","58747"
"Oklahoma","40027","Cleveland County","69.8683051","84.2790491","66677","49827","119778","0.556671509","0.41599459","284014","64706"
"Pennsylvania","42003","Allegheny County","84.7222224","96.1000526","282913","430759","724800","0.390332506","0.594314294","1216045","64799"
"Pennsylvania","42029","Chester County","80.0238794","95.1105952","128565","182372","315753","0.407169528","0.577578044","524989","102233"
"South Carolina","45079","Richland County","64.6101122","95.541054","58313","132570","193822","0.30085852","0.683978083","415759","52905"
"Texas","48157","Fort Bend County","74.3342873","92.6828421","157718","195552","357514","0.441151955","0.546977181","811688","101361"
"Texas","48183","Gregg County","52.8091635","82.1334523","32493","14796","47982","0.677191447","0.308365637","123945","53137"
"Texas","48215","Hidalgo County","70.939877","97.1932836","90527","128199","220884","0.409839554","0.580390612","868707","41656"
"Vermont","50021","Rutland County","78.6846857","94.4412979","14672","18230","33970","0.431910509","0.536649985","58191","51903"
"Alabama","1097","Mobile County","56.3649238","86.5651594","101243","79474","183164","0.552745081","0.433895307","413210","49492"
"Arkansas","5007","Benton County","69.3683457","89.9846529","73965","42249","119912","0.61682734","0.352333378","279141","70775"
"Arkansas","5125","Saline County","67.9297035","86.8143906","39556","16060","56959","0.694464439","0.281957197","122437","66944"
"Colorado","8059","Jefferson County","82.3674294","97.1377898","148417","218396","377357","0.393306604","0.578751686","582881","89696"
"Colorado","8123","Weld County","64.3418562","86.4377084","96145","66060","166968","0.575828901","0.395644674","324492","78160"
"Connecticut","9007","Middlesex County","83.8137819","98.2339356","40665","56848","99203","0.409917039","0.573047186","162436","81721"
"Connecticut","9009","New Haven County","76.5833078","96.5052607","169892","242629","417980","0.406459639","0.580479927","854757","69687"
"Florida","12001","Alachua County","81.6171381","91.3168188","50972","89704","142604","0.357437379","0.629042664","269043","49880"
"Hawaii","15001","Hawaii County","69.881878","94.9204104","26897","58731","87814","0.306295124","0.668811351","201513","64929"
"Illinois","17111","McHenry County","77.2797809","95.3592325","82260","78154","164578","0.499823792","0.474875135","307774","89379"
"Iowa","19163","Scott County","72.2273332","87.2317207","43683","46926","92599","0.471743755","0.506765732","172943","65724"
"Louisiana","22019","Calcasieu Parish","55.3814214","80.2320863","55066","25982","82663","0.666150515","0.314312328","203436","53050"
"Louisiana","22073","Ouachita Parish","51.6977564","87.6871611","42255","25913","69166","0.610921551","0.374649394","153279","43235"
"Louisiana","22079","Rapides Parish","53.4074163","83.6812422","38347","19475","58865","0.651439735","0.330841757","129648","49687"
"Maryland","24021","Frederick County","79.9164108","94.9999785","63682","77675","145615","0.437331319","0.533427188","259547","102951"
"Massachusetts","25023","Plymouth County","81.2496078","93.6286759","121227","173630","301816","0.401658626","0.575284279","521202","90584"
"Michigan","26021","Berrien County","70.2507128","84.1078714","43519","37438","82391","0.528200896","0.454394291","153401","50659"
"Michigan","26125","Oakland County","80.5468598","94.9791549","325971","434148","770351","0.423146072","0.563571671","1257584","81257"
"Missouri","29099","Jefferson County","69.2824553","84.6904307","77046","37523","116688","0.66027355","0.321566913","225081","68779"
"New Jersey","34037","Sussex County","70.745466","91.272179","51698","34481","88352","0.585136726","0.390268472","140488","100281"
"New York","36005","Bronx County","67.3951924","97.7241142","67740","355374","425715","0.159120538","0.83476974","1418207","41470"
"New York","36065","Oneida County","69.4577267","98.0193164","57180","41567","100746","0.567565958","0.412592063","228671","56516"
"New York","36087","Rockland County","76.8096536","94.7329246","73186","75802","150369","0.486709362","0.504106565","325789","99831"
"New York","36089","St. Lawrence County","70.8720425","92.4860979","24608","19361","44907","0.54797693","0.431135458","107740","51742"
"New York","36091","Saratoga County","77.8929251","96.5579095","61305","68471","132655","0.46213863","0.516158456","229863","89071"
"New York","36119","Westchester County","78.2810514","97.3734359","144713","312371","462122","0.313148909","0.675949208","967506","101741"
"Pennsylvania","42001","Adams County","67.4137752","87.4662974","37523","18207","56714","0.661617943","0.321031844","103009","67706"
"Pennsylvania","42027","Centre County","76.8528601","91.7088953","36372","40055","77493","0.469358523","0.516885396","162385","61036"
"South Dakota","46103","Pennington County","62.7190196","73.3721603","35063","20606","57518","0.609600473","0.358253069","113775","58919"
"Tennessee","47187","Williamson County","79.2660435","91.1091506","86469","50161","139016","0.622007539","0.360828969","238412","119637"
"Texas","48135","Ector County","48.2422016","82.4074987","32697","11367","44581","0.733429039","0.254974092","166223","65564"
"Utah","49049","Utah County","66.0177264","90.4435317","192812","76033","284480","0.677769966","0.267270107","636235","79505"
"Virginia","51700","Newport News city","60.7604993","95.7545195","26377","53099","81203","0.3248279","0.653904412","179225","53022"
"Virginia","51810","Virginia Beach city","68.8205625","90.957435","105087","117393","227561","0.461797057","0.515874864","449974","78491"
"Alabama","1117","Shelby County","73.0298682","93.0839894","79700","33268","114950","0.693344933","0.289412788","217702","77801"
"California","6023","Humboldt County","74.7034468","94.9430896","21770","44768","68828","0.316295694","0.650432963","135558","51134"
"Florida","12031","Duval County","60.1369112","84.3948083","233762","252556","492820","0.474335457","0.512471085","957755","58339"
"Georgia","13089","DeKalb County","66.7906271","95.1720119","58377","308162","370746","0.157458206","0.831194403","759297","63606"
"Illinois","17161","Rock Island County","67.0909231","92.4468954","28603","36691","66817","0.42807968","0.549126719","141879","57772"
"Indiana","18063","Hendricks County","65.4262984","83.2480197","53802","32604","88505","0.607897859","0.368385967","170311","85827"
"Indiana","18097","Marion County","70.5905026","95.9208027","134175","247772","389619","0.344374889","0.635934079","964582","50707"
"Maine","23011","Kennebec County","75.6115004","94.523605","34721","34902","71858","0.483189067","0.485707924","122302","55358"
"Maryland","24025","Harford County","72.3983977","92.1945672","80930","63095","148186","0.546137962","0.425782463","255441","91492"
"Massachusetts","25013","Hampden County","73.0107987","95.2547044","87318","125948","218177","0.400216338","0.577274415","466372","59918"
"Michigan","26121","Muskegon County","62.2734249","90.3331597","45133","45643","92444","0.488219895","0.493736749","173566","50730"
"Michigan","26147","St. Clair County","61.5737489","85.2765469","59185","31363","92064","0.642868005","0.340665189","159128","60208"
"Minnesota","27109","Olmsted County","80.3913822","94.8415842","39692","49491","91385","0.434338239","0.541565903","158293","80631"
"New Mexico","35013","Do√±a Ana County","82.7101874","91.0842005","32802","47957","82641","0.396921625","0.580305175","218195","43618"
"New York","36001","Albany County","72.4022914","97.0856053","51081","99474","154101","0.331477408","0.64551171","305506","69408"
"New York","36027","Dutchess County","68.7972607","94.8691273","66872","81443","151122","0.442503408","0.538922195","294218","84564"
"North Carolina","37057","Davidson County","58.0495862","84.4406188","64658","22636","88514","0.730483313","0.255733556","167609","53924"
"Ohio","39085","Lake County","76.8975504","93.9383389","73278","55514","130509","0.561478519","0.4253653","230149","65040"
"Pennsylvania","42041","Cumberland County","68.247078","89.4291466","77212","62245","141595","0.545301741","0.439598856","253370","75269"
"South Carolina","45073","Oconee County","69.2501698","89.2904026","29698","10414","40668","0.730254746","0.256073571","79546","52240"
"South Dakota","46099","Minnehaha County","73.8251712","84.9535829","49249","40482","92326","0.533425037","0.438468037","193134","63162"
"Tennessee","47113","Madison County","70.7915414","94.8171083","23943","18390","42950","0.557462165","0.428172293","97984","50401"
"Texas","48375","Potter County","72.4404049","88.8816939","22820","9921","33321","0.684853396","0.297740164","117415","41138"
"Texas","48381","Randall County","65.8998479","84.5711095","50796","12802","64674","0.785416087","0.197946625","137713","70694"
"Texas","48441","Taylor County","67.7353634","86.518534","39547","14588","55112","0.71757512","0.264697344","138034","54465"
"Texas","48453","Travis County","81.5032664","96.4404961","161337","435860","610349","0.264335651","0.714116022","1273954","80690"
"Texas","48479","Webb County","73.5284341","98.6610314","25898","41820","68397","0.378642338","0.611430326","276652","52576"
"Washington","53067","Thurston County","78.8363808","94.4709435","65277","96608","168134","0.388243901","0.574589316","290536","77890"
"West Virginia","54003","Berkeley County","64.2044449","83.9480852","33279","17186","51535","0.645755312","0.3334821","119171","63012"
"California","6019","Fresno County","72.0167528","92.8237123","164464","193025","364809","0.450822211","0.529112494","999101","56926"
"California","6031","Kings County","59.3378967","93.2231934","24072","18699","43858","0.548862237","0.426353231","152940","57297"
"Florida","12011","Broward County","74.1828171","94.4445993","333409","618752","957672","0.348145294","0.646100126","1952778","61429"
"Florida","12035","Flagler County","65.7596906","77.0332174","43043","28161","71716","0.600186848","0.39267388","115081","62831"
"Florida","12083","Marion County","67.3807956","85.258212","127826","74858","204376","0.625445258","0.366275884","365579","49079"
"Hawaii","15009","Maui County","81.0071093","94.4436473","22126","47305","71044","0.311440797","0.665854963","167417","77375"
"Illinois","17093","Kendall County","78.612671","96.5854785","29492","33168","64205","0.459341173","0.516595281","128990","105586"
"Indiana","18019","Clark County","72.2365082","93.8599976","33668","23093","57869","0.581796817","0.39905649","118302","59441"
"Iowa","19103","Johnson County","88.5326278","95.2333869","22925","59177","83851","0.273401629","0.705739943","151140","67295"
"Louisiana","22015","Bossier Parish","54.1886231","80.6647936","38074","15662","54655","0.69662428","0.286561156","127039","54080"
"Maryland","24013","Carroll County","69.9600825","92.7573912","60218","36456","100327","0.600217289","0.363371774","168447","101810"
"Mississippi","28049","Hinds County","67.7976784","94.7754003","25141","73550","100191","0.250930722","0.734097873","231840","44773"
"Missouri","29047","Clay County","72.5130185","92.1450415","64605","59400","126569","0.510433044","0.469309231","249948","70705"
"Montana","30029","Flathead County","67.068957","80.9209816","38321","20274","60258","0.635948754","0.336453251","103806","61334"
"New York","36083","Rensselaer County","76.8511508","87.5274809","36500","40969","79409","0.459645632","0.515923888","158714","70688"
"Ohio","39093","Lorain County","71.0338903","93.504481","79520","75667","157437","0.505090925","0.480617644","309833","59201"
"Oklahoma","40119","Payne County","68.0721895","77.3094059","17813","10904","29643","0.600917586","0.36784401","81784","43025"
"Pennsylvania","42007","Beaver County","56.5094441","86.7434858","54759","38122","94122","0.581787467","0.405027517","163929","60323"
"Pennsylvania","42019","Butler County","74.4965046","89.1985858","74359","37508","113305","0.656272892","0.3310357","187853","72576"
"South Carolina","45013","Beaufort County","75.2973382","89.755198","53194","43419","97835","0.543711351","0.443798232","192122","73890"
"Tennessee","47001","Anderson County","67.7890568","84.5192408","23184","11741","35570","0.651785212","0.330081529","76978","50973"
"Texas","48029","Bexar County","71.5642397","95.9756331","308618","448452","768952","0.401348849","0.583198951","2003554","58956"
"Virginia","51095","James City County","83.0144234","97.6776151","23153","25553","49622","0.466587401","0.514953045","76523","92773"
"Washington","53011","Clark County","81.4875629","95.8996386","126303","140324","275403","0.458611562","0.509522409","488241","80407"
"Washington","53063","Spokane County","77.4236978","93.9158205","148576","135765","295430","0.502914396","0.459550486","522798","59976"
"Alabama","1073","Jefferson County","69.0877206","94.1623875","138843","181688","325848","0.426097444","0.557585132","658573","54127"
"California","6061","Placer County","73.0233056","90.5394557","122488","106869","235017","0.521187829","0.454728807","398329","97688"
"California","6087","Santa Cruz County","85.0984742","97.3673808","26937","114246","144796","0.186034145","0.789013509","273213","85770"
"California","6099","Stanislaus County","67.8771309","91.4940876","104145","105841","214876","0.484674882","0.492567807","550660","62761"
"California","6113","Yolo County","83.461518","95.8745654","27292","67598","97264","0.280597138","0.694995065","220500","70951"
"Illinois","17113","McLean County","70.1786809","92.7527849","40502","43933","87389","0.463467942","0.502729176","171517","69230"
"Indiana","18127","Porter County","72.8127635","89.2919889","45008","39746","86509","0.520269567","0.459443526","170389","74064"
"Massachusetts","25025","Suffolk County","84.2959636","97.7042159","58613","270522","335462","0.174723218","0.806416226","803907","75843"
"Michigan","26065","Ingham County","75.2248751","93.1492625","47639","94212","144550","0.329567624","0.651760636","292406","54704"
"Michigan","26091","Lenawee County","62.0620203","89.3615144","31541","20918","53375","0.590932084","0.391906323","98451","55466"
"Minnesota","27037","Dakota County","83.6681038","97.1589047","109638","146155","262259","0.418052383","0.5572926","429021","89075"
"Minnesota","27053","Hennepin County","86.32191","96.7471221","205973","532623","755969","0.272462231","0.704556668","1265843","82323"
"Mississippi","28033","DeSoto County","62.1192358","85.9627707","46462","28265","76248","0.609353688","0.370698248","184945","67450"
"New Mexico","35001","Bernalillo County","81.0145745","96.1587215","116135","193757","317590","0.365675871","0.61008533","679121","56148"
"New York","36013","Chautauqua County","62.6106615","92.4907997","34853","23087","59304","0.587700661","0.389299204","126903","50143"
"North Carolina","37027","Caldwell County","52.6281872","86.8200614","32119","10245","42829","0.749935791","0.239207079","82178","48512"
"North Carolina","37071","Gaston County","57.7001846","90.9138897","73033","40959","115498","0.632331296","0.354629517","224529","56542"
"North Carolina","37097","Iredell County","61.5752971","91.0774033","67010","33888","102371","0.65457991","0.331031249","181806","68308"
"Oregon","41039","Lane County","80.3509671","94.861301","80336","134366","222253","0.361461938","0.604563268","382067","57212"
"Pennsylvania","42079","Luzerne County","69.157004","93.270004","86929","64873","153321","0.566973865","0.423118816","317417","53439"
"South Carolina","45035","Dorchester County","60.7878798","88.6090568","41913","33824","77278","0.542366521","0.437692487","162809","68051"
"Tennessee","47125","Montgomery County","63.6425796","90.9762939","42187","32472","76758","0.549610464","0.423043852","208993","57606"
"Tennessee","47157","Shelby County","61.6057949","95.8309394","129815","246105","382055","0.339780922","0.644161181","937166","52659"
"Texas","48027","Bell County","59.1141215","91.0864912","67893","57014","127375","0.533016683","0.447607458","362924","54831"
"Texas","48085","Collin County","79.1644595","93.874485","252318","230945","492216","0.512616412","0.469194419","1034730","96847"
"Texas","48139","Ellis County","67.8470798","92.4161961","56717","27565","85493","0.66341104","0.322424058","184826","78341"
"Texas","48209","Hays County","77.6545112","96.55371","47680","59524","109357","0.436003182","0.544309006","230191","72890"
"Virginia","51510","Alexandria city","87.5371151","98.4068343","14544","66240","82508","0.176273816","0.802831241","159428","102589"
"Wisconsin","55073","Marathon County","66.513475","81.6989827","44624","30808","76751","0.58141262","0.401401936","135692","66092"
"Alabama","1103","Morgan County","62.2019206","92.952503","39664","13234","53722","0.738319497","0.246342281","119679","54355"
"California","6059","Orange County","80.1654902","94.2764448","676498","814009","1521725","0.444559957","0.534925167","3175692","95761"
"California","6095","Solano County","76.280953","94.7121671","69306","131639","205831","0.336713129","0.63954895","447643","85704"
"Florida","12091","Okaloosa County","58.084937","75.7041682","79798","34248","116373","0.685708884","0.294295068","210738","63520"
"Florida","12119","Sumter County","71.5294331","81.9099741","62761","29341","92485","0.678607342","0.317251446","132420","63464"
"Georgia","13057","Cherokee County","74.2611655","90.3133935","99585","42779","144815","0.687670476","0.295404482","258773","88635"
"Idaho","16027","Canyon County","61.0727118","76.7205688","61759","25881","90438","0.682887724","0.286173953","229849","58670"
"Illinois","17163","St. Clair County","68.0646752","94.8825251","57150","68325","128104","0.446121901","0.533355711","259686","57726"
"Indiana","18003","Allen County","73.5081655","91.3312607","92083","73189","169082","0.544605576","0.432860979","379299","56838"
"Indiana","18141","St. Joseph County","60.638865","88.2319439","53164","59896","115238","0.461340877","0.519759107","271826","53881"
"Michigan","26017","Bay County","75.5512337","92.5475537","33125","26151","60255","0.549746909","0.434005477","103126","50130"
"Michigan","26045","Eaton County","60.4231306","88.1024653","31798","31299","64327","0.494318093","0.486560853","110268","65891"
"Mississippi","28121","Rankin County","69.6585455","85.6261309","50895","18847","70655","0.720331187","0.266746869","155271","67284"
"North Carolina","37089","Henderson County","68.8608686","90.9272052","40032","27211","68371","0.585511401","0.397990376","117417","61651"
"Ohio","39025","Clermont County","65.9439292","93.9479441","74570","34092","110480","0.674963794","0.308580739","206428","68724"
"Ohio","39029","Columbiana County","62.3358256","91.6450362","35726","13359","49860","0.716526274","0.267930205","101883","52693"
"Ohio","39089","Licking County","51.9251527","89.1153205","59514","33055","94210","0.631716378","0.350865089","176862","66321"
"Ohio","39173","Wood County","68.9871591","92.690189","35757","30617","67597","0.528973179","0.452934302","130817","64723"
"Oregon","41005","Clackamas County","79.4659476","93.7764732","110509","139043","257679","0.428863043","0.539597717","418187","80539"
"Oregon","41029","Jackson County","67.1156979","94.6480202","63869","59478","127165","0.502252978","0.467723037","220944","56367"
"Pennsylvania","42055","Franklin County","56.9354759","88.0249548","57245","22422","80783","0.708626815","0.277558397","155027","62699"
"Pennsylvania","42107","Schuylkill County","63.200919","83.6956793","48871","20727","70603","0.692194383","0.293571095","141359","55951"
"Rhode Island","44003","Kent County","77.8486075","94.015745","42001","49113","93093","0.451172483","0.527569205","164292","74230"
"Tennessee","47155","Sevier County","63.1254313","90.436308","33783","8721","43535","0.775996325","0.20032158","98250","54476"
"Texas","48439","Tarrant County","70.6680216","93.4978213","409741","411567","834697","0.490885914","0.493073534","2102515","70130"
"Texas","48491","Williamson County","75.0540564","90.5495848","139729","143795","289312","0.482969942","0.497023974","590551","92661"
"Alabama","1003","Baldwin County","64.1482129","86.4400927","83544","24578","109679","0.761713728","0.2240903","223234","59871"
"Arizona","4021","Pinal County","59.4502784","85.7968231","107077","75106","185037","0.578678859","0.405897199","462789","62067"
"Florida","12019","Clay County","58.070013","78.8286815","84480","38317","124405","0.679072385","0.30800209","219252","75776"
"Florida","12103","Pinellas County","71.4505389","90.8606843","276209","277450","559715","0.493481504","0.495698704","974996","56708"
"Georgia","13021","Bibb County","62.3776257","91.3763401","26559","43408","70714","0.375583336","0.613852985","153159","43066"
"Georgia","13073","Columbia County","61.9441284","85.9419197","50013","29232","80575","0.62070121","0.362792429","156714","88285"
"Illinois","17179","Tazewell County","69.4068095","89.8367575","42513","24819","69051","0.61567537","0.359429987","131803","66206"
"Massachusetts","25003","Berkshire County","79.3500066","95.6700224","18064","51705","71375","0.253085814","0.72441331","124944","58805"
"Massachusetts","25027","Worcester County","77.2154848","93.0733824","171683","248773","432014","0.397401473","0.575844764","830622","77795"
"Nebraska","31055","Douglas County","81.0524355","93.3947295","119159","150350","276540","0.430892457","0.54368265","571327","67264"
"New York","36047","Kings County","72.6104514","97.3552971","202772","703310","913246","0.22203437","0.770121085","2559903","66501"
"North Carolina","37125","Moore County","67.7433564","88.2786297","36764","20779","58339","0.630178783","0.356176829","100880","63942"
"Ohio","39017","Butler County","78.5662312","95.249324","114392","69613","186737","0.612583473","0.372786325","383134","68611"
"Ohio","39041","Delaware County","76.6452206","94.5777146","66356","57735","126070","0.526342508","0.457959864","209177","110252"
"Pennsylvania","42043","Dauphin County","66.3568412","92.5645428","66408","78983","147368","0.450627002","0.535957603","278299","60763"
"Pennsylvania","42071","Lancaster County","73.1331979","89.3568088","160209","115847","281375","0.569378943","0.411717459","545724","67515"
"Texas","48201","Harris County","70.6479081","94.0605709","700630","918193","1640818","0.427000435","0.559594666","4713325","61638"
"Texas","48451","Tom Green County","69.4505579","88.2870454","32313","12239","45210","0.714731254","0.270714444","119200","54774"
"Virginia","51059","Fairfax County","87.3339602","97.0528492","168401","419943","600823","0.280283877","0.698946279","1147532","127898"
"Virginia","51087","Henrico County","81.3853503","96.0065778","63440","116572","183152","0.346378964","0.636476806","330818","68975"
"Wyoming","56021","Laramie County","65.6204574","84.907331","27891","15217","44982","0.620048019","0.338290872","99500","69613"
"Arizona","4003","Cochise County","61.9400105","82.2660178","35557","23732","60473","0.587981413","0.392439601","125922","48650"
"California","6013","Contra Costa County","78.2025305","96.1386583","152877","416386","581230","0.263023244","0.716387661","1153526","106555"
"California","6083","Santa Barbara County","78.7621129","94.3893141","65736","129963","200288","0.328207381","0.648880612","446499","74530"
"Connecticut","9011","New London County","78.7319906","98.0519935","57110","79459","139604","0.4090857","0.569174236","265206","75226"
"Connecticut","9013","Tolland County","84.2760745","96.6773984","34819","44006","80546","0.43228714","0.546346187","150721","90181"
"District of Columbia","11001","District of Columbia","82.9401029","97.0779035","18586","317323","344356","0.053973214","0.921496939","705749","90395"
"Florida","12015","Charlotte County","70.7454245","83.7855025","73243","42273","116340","0.629559911","0.363357401","188910","54756"
"Illinois","17119","Madison County","66.0054198","94.9478877","76031","57836","137558","0.55271958","0.420448102","262966","66591"
"Louisiana","22033","East Baton Rouge Parish","70.795128","89.79495","88420","115577","208182","0.42472452","0.555172878","440059","56303"
"Massachusetts","25009","Essex County","83.8784103","95.9073351","144837","267198","421210","0.343859358","0.634358159","789034","83253"
"New Jersey","34003","Bergen County","81.0025084","95.5613062","204417","285967","497460","0.410921481","0.57485426","932202","107971"
"New York","36015","Chemung County","72.3482202","94.5136941","21922","16636","39410","0.556254758","0.422126364","83456","58400"
"North Carolina","37049","Craven County","58.8592215","79.2574358","31032","21148","53065","0.584792236","0.398530105","102139","53372"
"Oregon","41017","Deschutes County","70.0942816","90.5704277","55646","65962","125234","0.444336203","0.526709999","197692","71880"
"Pennsylvania","42075","Lebanon County","65.0873954","95.3813074","46731","23932","71858","0.650324251","0.333045729","141793","61560"
"South Carolina","45077","Pickens County","52.4289309","83.0795053","42907","13645","57546","0.745612206","0.237114656","126884","52949"
"Texas","48329","Midland County","62.5512036","89.8262882","45624","12329","58856","0.775180101","0.209477368","176832","85811"
"Virginia","51013","Arlington County","91.6295351","97.2137561","22318","105344","130699","0.170758766","0.806004637","236842","118986"
"Wisconsin","55133","Waukesha County","56.2790796","84.1484647","159649","103906","267996","0.595714115","0.387714742","404198","91070"
"Arizona","4015","Mohave County","62.4878537","84.780896","78535","24831","104705","0.750059692","0.237151998","212181","49712"
"Colorado","8041","El Paso County","70.8196167","91.0793753","202828","161941","378849","0.535379531","0.427455266","720403","72675"
"Connecticut","9005","Litchfield County","79.8771695","96.1721695","55601","50164","107544","0.517006992","0.466450941","180333","81015"
"Delaware","10003","New Castle County","73.9602583","94.4163144","88364","195034","287633","0.307210925","0.678065451","558753","76076"
"Florida","12005","Bay County","58.5158367","70.7496311","66097","25614","93024","0.710537066","0.275348297","174705","58376"
"Florida","12115","Sarasota County","71.420464","81.0742374","148370","120110","270575","0.548350735","0.443906495","433742","66258"
"Hawaii","15003","Honolulu County","73.6355774","95.46985","136259","238869","382114","0.356592535","0.625124963","974563","86946"
"Idaho","16019","Bonneville County","63.3800265","88.7134094","37805","14254","53995","0.700157422","0.263987406","119062","65165"
"Illinois","17031","Cook County","74.8782861","96.5133642","558269","1725973","2321399","0.240488171","0.743505533","5150233","69375"
"Maryland","24043","Washington County","74.1335782","91.1382234","40224","26044","67779","0.593458151","0.384248809","151049","59785"
"Michigan","26077","Kalamazoo County","74.8243831","92.1839726","56823","83686","143414","0.396216548","0.58352741","265066","56739"
"Missouri","29095","Jackson County","63.8457545","94.9746607","126535","199842","333063","0.37991311","0.60001261","703011","57907"
"Montana","30013","Cascade County","68.9229623","90.3289916","23315","15456","39885","0.584555597","0.387514103","81366","51732"
"North Carolina","37119","Mecklenburg County","70.3598001","95.2284239","179211","378107","567053","0.316039241","0.666793051","1110356","69455"
"Oklahoma","40143","Tulsa County","72.6178951","89.1392596","150574","108996","266678","0.564628503","0.40871763","651552","57668"
"Oregon","41053","Polk County","65.1792832","90.173824","23732","22917","48291","0.491437328","0.474560477","86085","69757"
"Pennsylvania","42091","Montgomery County","83.0250503","95.1358286","185460","319511","510157","0.363535147","0.626299355","830915","92340"
"South Carolina","45085","Sumter County","54.4800529","91.5203532","21000","27379","48920","0.429272281","0.559668847","106721","49611"
"Tennessee","47163","Sullivan County","68.619966","88.6133393","55860","17272","74357","0.751240636","0.232284788","158348","51303"
"Texas","48041","Brazos County","68.6078604","92.4156984","47530","35349","85061","0.558775467","0.415572354","229211","54471"
"Virginia","51107","Loudoun County","85.9787741","97.9278077","82088","138372","224862","0.365059459","0.61536409","413538","151806"
"Virginia","51177","Spotsylvania County","64.0231081","93.2757423","39411","34307","75317","0.523268319","0.455501414","136215","90262"
"West Virginia","54011","Cabell County","66.1438667","95.9556463","21721","14994","37360","0.581397216","0.40133833","91945","42125"
"Wisconsin","55009","Brown County","80.5138235","93.4156589","75871","65511","144017","0.52681975","0.454883798","264542","65494"
"Alabama","1069","Houston County","54.341342","83.332361","32618","12917","46173","0.706430165","0.279752236","105882","50138"
"Alabama","1083","Limestone County","58.4590262","90.618727","34640","13672","49235","0.703564537","0.277688636","98915","64729"
"Florida","12086","Miami-Dade County","73.7255305","95.8689863","532833","617864","1156816","0.460603069","0.534107412","2716940","54991"
"Florida","12105","Polk County","63.2332796","84.1059837","194586","145049","343256","0.566883026","0.422567996","724777","51817"
"Idaho","16001","Ada County","77.2779779","88.8294516","130699","120539","259389","0.503872562","0.464703592","481587","72295"
"Maryland","24033","Prince George's County","74.5722345","98.1289596","37090","379208","424855","0.087300373","0.892558638","909327","85357"
"Michigan","26099","Macomb County","66.2973804","96.1277935","263863","223952","494256","0.533858972","0.45310932","873972","65051"
"New Hampshire","33011","Hillsborough County","78.2302639","93.3212805","104625","122344","231040","0.452843663","0.529536011","417025","82862"
"New Hampshire","33015","Rockingham County","80.1220876","94.8794254","95858","100064","198943","0.481836506","0.50297824","309769","91416"
"New Jersey","34025","Monmouth County","74.3211209","93.9710926","191808","181291","378390","0.506905574","0.479111499","618795","102579"
"New Jersey","34029","Ocean County","65.9972008","93.7160339","217740","119456","342746","0.635280937","0.348526314","607186","75627"
"New Mexico","35043","Sandoval County","76.4184346","92.9244723","34174","40588","76562","0.446357201","0.530132442","146748","71118"
"New York","36061","New York County","86.8882954","97.4714766","85185","603040","694904","0.122585278","0.867803322","1628706","93007"
"North Carolina","37067","Forsyth County","67.7221061","93.0872394","85064","113033","201270","0.42263626","0.561598847","382295","53054"
"Oklahoma","40017","Canadian County","65.7222533","87.1198436","43550","16742","61940","0.703099774","0.270293833","148306","75111"
"Pennsylvania","42049","Erie County","74.5739747","90.5463396","66869","68286","137083","0.487799362","0.498136166","269728","51923"
"Rhode Island","44007","Providence County","77.123527","94.2800003","102551","165012","272667","0.376103452","0.605177744","638931","62165"
"South Carolina","45051","Horry County","62.1476558","86.2657472","118821","59180","179744","0.661056836","0.329246039","354081","53648"
"Texas","48187","Guadalupe County","63.2060371","96.3103734","47553","28805","77592","0.612859573","0.371236725","166847","78801"
"West Virginia","54033","Harrison County","60.9423157","88.4299256","20683","9215","30465","0.678910225","0.302478254","67256","53909"
"California","6075","San Francisco County","89.8189471","97.7946441","56417","378156","443458","0.127220616","0.852743665","881549","121795"
"Illinois","17099","LaSalle County","62.7598822","89.6056614","30113","22442","53683","0.56094108","0.418046681","108669","59528"
"Indiana","18089","Lake County","62.4041146","93.2358811","91760","124870","219956","0.417174344","0.56770445","485493","57280"
"Iowa","19153","Polk County","73.7727822","89.0155706","106800","146250","258755","0.412745647","0.565206469","490161","67331"
"Maryland","24005","Baltimore County","71.1384821","96.1477243","146202","258409","414932","0.352351711","0.622774334","827370","76972"
"Maryland","24031","Montgomery County","89.2934878","97.9022925","101222","419569","533743","0.189645578","0.786088061","1050688","110012"
"Massachusetts","25005","Bristol County","77.4279567","93.9681398","119872","153377","279279","0.429219526","0.549189162","565217","69857"
"Missouri","29077","Greene County","71.4071096","92.6098141","83630","55068","141800","0.58977433","0.388349788","293086","45313"
"Nevada","32031","Washoe County","75.6827121","93.9577343","116760","128128","252142","0.463072396","0.508158101","471519","71733"
"New York","36019","Clinton County","64.8237786","93.3299229","16514","18364","35437","0.466010102","0.518215425","80485","59069"
"New York","36045","Jefferson County","60.6820465","90.2608993","25629","17307","43848","0.584496442","0.394704433","109834","53829"
"North Carolina","37129","New Hanover County","76.0124717","92.3482616","63331","66138","131830","0.480398999","0.501691572","234473","57252"
"Ohio","39155","Trumbull County","67.1758914","91.8333223","55194","44519","101001","0.546469837","0.440777814","197974","47966"
"Oregon","41047","Marion County","63.4974815","89.9810488","79002","80872","165534","0.477255428","0.488552201","347818","64058"
"Pennsylvania","42129","Westmoreland County","73.6971743","93.3801546","130218","72129","205183","0.634643221","0.351534971","348899","59407"
"Rhode Island","44009","Washington County","84.886307","97.1778129","29818","44549","76060","0.392032606","0.585708651","125577","86450"
"South Carolina","45091","York County","65.5078866","89.5105499","82727","59008","144050","0.574293648","0.409635543","280979","68468"
"Tennessee","47009","Blount County","64.8950431","87.2460447","47369","17932","66609","0.711150145","0.269212869","133088","59368"
"Tennessee","47093","Knox County","75.3119475","93.5638013","124540","91422","220556","0.56466385","0.414506973","470313","60316"
"Texas","48485","Wichita County","52.0110221","85.9491675","32069","13161","46030","0.696697806","0.285922225","132230","51535"
"Vermont","50007","Chittenden County","88.7201761","96.7927552","21017","74961","98915","0.212475358","0.757832482","163774","76483"
"West Virginia","54107","Wood County","63.0603635","83.7261641","27202","10926","38762","0.701769775","0.281874","83518","49209"
"Wisconsin","55025","Dane County","89.5407289","96.8387769","78800","260185","344791","0.228544249","0.754616565","546695","77828"
"Arkansas","5131","Sebastian County","63.2965824","91.5173807","31198","14487","47140","0.661815868","0.307318625","127827","48945"
"California","6007","Butte County","73.1511106","89.0422053","48730","50426","102042","0.47754846","0.494169068","219186","58394"
"Colorado","8035","Douglas County","76.229761","91.9372218","121270","104653","231599","0.523620568","0.451871554","351154","123697"
"Florida","12073","Leon County","76.1973469","92.567028","57453","103517","162929","0.35262599","0.635350367","293582","55081"
"Illinois","17167","Sangamon County","71.561152","92.2924524","53485","48917","104751","0.510591784","0.466983609","194672","61768"
"New York","36071","Orange County","68.2236947","94.6863848","84996","84684","172099","0.493878523","0.492065613","384940","83188"
"North Carolina","37085","Harnett County","56.9003003","88.8963601","35177","22093","58293","0.603451529","0.378999194","135976","55619"
"Ohio","39061","Hamilton County","72.335754","93.6701509","177886","246266","430929","0.41279654","0.571476972","817473","60251"
"Oregon","41003","Benton County","84.0105499","94.2909284","14878","35827","52799","0.28178564","0.678554518","93053","69148"
"Pennsylvania","42085","Mercer County","63.2355131","88.7492985","36143","21067","57954","0.623649791","0.363512441","109424","54099"
"South Carolina","45015","Berkeley County","66.9052735","85.7934672","57397","45223","104458","0.54947443","0.432929981","227907","68690"
"South Carolina","45041","Florence County","58.9324595","90.65287","32615","31153","64510","0.50558053","0.482917377","138293","49770"
"Texas","48039","Brazoria County","67.0040612","86.0723601","90433","62228","154984","0.583498942","0.401512414","374264","83704"
"Utah","49035","Salt Lake County","77.4154607","94.9608569","230174","289906","541175","0.425322678","0.535697325","1160437","79941"
"Utah","49053","Washington County","62.3878881","86.4580164","67294","20530","90476","0.743777355","0.226911004","177556","64388"
"Virginia","51003","Albemarle County","89.7165518","97.0066641","20804","42466","64657","0.321759438","0.656788901","109330","86332"
"Virginia","51650","Hampton city","62.1419643","94.8518304","18430","46220","65901","0.279661917","0.701355063","134510","55816"
"Washington","53005","Benton County","75.6716155","88.0826716","60365","38706","103033","0.585880252","0.375666049","204390","72847"
"Washington","53073","Whatcom County","75.0384924","93.1635802","50489","83660","138620","0.364225941","0.603520416","229247","68656"
"West Virginia","54061","Monongalia County","76.8348418","93.7276989","20803","20282","42072","0.494461875","0.482078342","105612","55652"
"Wisconsin","55101","Racine County","66.9656635","89.9908516","54479","50159","106451","0.511775371","0.471193319","196311","61691"
"Arizona","4025","Yavapai County","68.0496775","86.9152013","91527","49602","143280","0.638798157","0.34618928","235099","54242"
"Arizona","4027","Yuma County","70.1248094","95.5299346","36534","32210","69926","0.522466608","0.460629809","213787","47024"
"Arkansas","5051","Garland County","69.011125","92.0314775","29069","14045","44199","0.657684563","0.31776737","99386","45786"
"Florida","12071","Lee County","63.1941536","84.0819672","233247","157695","393899","0.592149257","0.400343743","770577","62364"
"Georgia","13153","Houston County","61.9698816","84.2834714","41540","32239","74838","0.555065608","0.430783826","157863","65641"
"Illinois","17037","DeKalb County","63.284019","85.9587299","21905","24643","47989","0.456458772","0.513513514","104897","64676"
"Illinois","17097","Lake County","74.6907029","96.9842928","123594","204032","334156","0.369869163","0.610589066","696535","92638"
"Kansas","20177","Shawnee County","75.2803626","91.2679616","40443","43015","86122","0.469601263","0.499465874","176875","59451"
"Kentucky","21059","Daviess County","67.3799015","92.5617962","31025","17286","49287","0.629476333","0.350721286","101511","52620"
"Kentucky","21117","Kenton County","67.3564365","93.4800157","48129","32271","82198","0.585525195","0.392600793","166998","68692"
"Michigan","26111","Midland County","73.3387524","88.1494907","27675","20493","49088","0.563783409","0.417474739","83156","69859"
"Minnesota","27003","Anoka County","77.398532","92.448601","104902","100893","211132","0.496855048","0.477866927","356921","83363"
"New York","36101","Steuben County","68.7573196","92.1252568","29474","15790","46178","0.638269306","0.341937719","95379","53167"
"North Carolina","37019","Brunswick County","76.6965792","91.240625","55850","33310","90175","0.619351261","0.369392847","142820","63712"
"North Carolina","37101","Johnston County","62.4645099","88.4715317","68353","41257","111357","0.613818619","0.370493099","209339","62835"
"North Dakota","38017","Cass County","79.8734948","94.4388966","42619","40311","86053","0.495264546","0.468443866","181923","63977"
"Ohio","39153","Summit County","72.3338402","96.2822411","124833","151668","280473","0.445080275","0.540757934","541013","57753"
"Pennsylvania","42011","Berks County","73.7800664","93.9156484","109736","92895","205540","0.533891213","0.451955824","421164","67418"
"Texas","48061","Cameron County","76.9320645","98.8434507","49032","64063","114174","0.429449787","0.561099725","423163","40893"
"Texas","48121","Denton County","70.5109203","91.4860872","222480","188695","417964","0.532294647","0.451462327","887207","90910"
"Texas","48141","El Paso County","79.5530433","96.9865947","84331","178126","267215","0.315592313","0.6666018","839238","48629"
"Virginia","51199","York County","77.0634695","93.2471472","20241","17683","38787","0.521850104","0.455900173","68280","91535"
"Virginia","51710","Norfolk city","68.2876556","95.7955493","23443","64440","89881","0.260822643","0.716947965","242742","52437"
"Washington","53033","King County","89.0854561","97.1067126","269167","907310","1210507","0.222358896","0.749528916","2252782","102338"
"Wyoming","56025","Natrona County","51.6488933","77.0414169","25271","8530","35202","0.717885347","0.242315778","79858","66104"
"California","6017","El Dorado County","74.3558488","95.8782918","61838","51621","116138","0.532452772","0.444479843","192843","86202"
"Colorado","8077","Mesa County","63.4538642","85.895862","56894","31536","90622","0.627816645","0.347994968","154210","60249"
"Florida","12097","Osceola County","64.4429925","92.4894457","73480","97297","172436","0.426129115","0.564249925","375751","52270"
"Florida","12101","Pasco County","64.4616352","90.4053639","179621","119073","301970","0.594830612","0.394320628","553947","55745"
"Florida","12127","Volusia County","70.1373907","83.7785614","173821","130575","307439","0.565383702","0.424718399","553284","53554"
"Georgia","13051","Chatham County","66.1033977","85.7242815","53232","78247","133408","0.399016551","0.586524047","289430","57122"
"Kentucky","21015","Boone County","67.5355639","87.1311622","44814","20901","66998","0.668885638","0.311964536","133581","78806"
"Maine","23001","Androscoggin County","62.2435251","88.3674925","29268","27617","58707","0.498543615","0.470420904","108277","58958"
"Michigan","26025","Calhoun County","66.7041436","93.9536966","36221","28877","66281","0.546476366","0.435675382","134159","50205"
"Minnesota","27145","Stearns County","70.2843142","87.290609","50959","31879","84835","0.60068368","0.375776507","161075","66449"
"Missouri","29189","St. Louis County","79.3931651","94.3138406","199493","328151","536446","0.371878996","0.611713015","994205","70161"
"Montana","30031","Gallatin County","66.6270473","85.053012","31696","37044","71507","0.443257303","0.518047184","114434","73731"
"New York","36103","Suffolk County","77.5850447","96.1784245","381253","381021","771541","0.494144835","0.493844138","1476601","105241"
"Ohio","39157","Tuscarawas County","63.1184941","90.604628","30458","12889","44015","0.691991367","0.292831989","91987","54150"
"Oregon","41011","Coos County","72.2849524","90.0410918","21829","14243","37075","0.588779501","0.384167229","64487","49504"
"Oregon","41043","Linn County","65.861434","89.6037748","43486","26512","72640","0.598650881","0.364977974","129749","61084"
"Pennsylvania","42101","Philadelphia County","75.2238643","95.4260381","132740","603790","741377","0.179045209","0.814416957","1584064","47598"
"South Carolina","45007","Anderson County","61.6781124","78.1027653","67565","27169","96093","0.703120935","0.282736516","202558","54496"
"Tennessee","47011","Bradley County","58.1652386","73.5430313","35204","9851","45865","0.767556961","0.214782514","108110","52534"
"Tennessee","47037","Davidson County","81.4285387","96.2838312","100218","199703","309658","0.32364092","0.644914712","694144","63846"
"Virginia","51550","Chesapeake city","74.452575","91.7351275","58180","66377","127108","0.457720993","0.52220946","244835","77361"
"Virginia","51770","Roanoke city","64.5375235","92.7693783","15607","26773","43323","0.360247444","0.617985827","99143","45534"
"California","6045","Mendocino County","75.8160933","92.9776634","13267","28782","43336","0.306142699","0.664159129","86749","52309"
"Connecticut","9015","Windham County","76.4664985","93.5897034","29141","26701","57077","0.510555916","0.467806647","116782","63309"
"Florida","12009","Brevard County","65.3344362","86.3084426","207883","148549","360764","0.57622989","0.41176226","601942","57582"
"Florida","12053","Hernando County","50.0469452","85.2526577","70412","37519","108922","0.646444245","0.344457502","193920","50705"
"Georgia","13135","Gwinnett County","66.4890651","91.4223909","166400","241994","414023","0.401910039","0.584494098","936250","72225"
"Louisiana","22063","Livingston Parish","51.3555508","73.0268196","54877","9249","65230","0.841284685","0.141790587","140789","63852"
"Montana","30111","Yellowstone County","67.7519167","80.5691466","50772","30679","83821","0.60571933","0.366006132","161300","61435"
"Nevada","32003","Clark County","67.5244729","95.2955897","430930","521852","972510","0.443111125","0.536603223","2266715","62131"
"New Jersey","34017","Hudson County","71.4682606","96.5648791","65698","181452","250458","0.262311445","0.724480751","672391","77738"
"New York","36075","Oswego County","72.896118","96.0915676","32138","21143","54491","0.589785469","0.388009029","117124","57640"
"Ohio","39103","Medina County","70.1701147","93.1590721","64598","39800","105825","0.610422868","0.376092606","179746","78540"
"Oregon","41019","Douglas County","64.9933946","87.2685846","43298","19160","64349","0.672862049","0.297751325","110980","48940"
"Pennsylvania","42069","Lackawanna County","71.1125102","91.8029664","52334","61991","115410","0.453461572","0.537137163","209674","53655"
"Pennsylvania","42097","Northumberland County","62.5341796","93.5143655","28952","12677","42283","0.684719627","0.299813164","90843","47967"
"South Carolina","45063","Lexington County","65.0387358","89.5484567","92817","49301","144568","0.642030048","0.34102291","298750","62059"
"Texas","48091","Comal County","67.0681344","84.5498692","62740","24826","88863","0.706030631","0.279373868","156209","87976"
"Texas","48339","Montgomery County","69.2319887","87.3956164","193382","74377","271451","0.712401133","0.273997885","607391","88833"
"Utah","49011","Davis County","78.2920248","93.9236237","104135","57411","169895","0.612937403","0.33792048","355481","87610"
"Virginia","51069","Frederick County","69.5185191","90.9669021","30558","17207","48703","0.627435682","0.353304725","89313","83672"
"Virginia","51085","Hanover County","75.1941414","96.3589473","44318","25307","70967","0.624487438","0.356602364","107766","90824"
"Washington","53029","Island County","80.0977864","96.1700339","22746","29213","53925","0.421808067","0.54173389","85141","72173"
"Washington","53053","Pierce County","73.6414688","92.9705012","197730","249506","464081","0.426067863","0.537634594","904980","78779"
"Colorado","8101","Pueblo County","69.7917085","94.0280887","42252","43772","88299","0.478510515","0.495724753","168424","51075"
"Florida","12109","St. Johns County","69.1088476","88.671937","110946","63850","176622","0.628155043","0.361506494","264672","90839"
"Illinois","17019","Champaign County","78.3108383","91.3810174","35285","57067","95568","0.369213544","0.597135024","209689","53485"
"Indiana","18157","Tippecanoe County","75.6002675","89.234905","34581","35017","71448","0.484002351","0.490104692","195732","51228"
"Kansas","20091","Johnson County","86.1879348","91.9220111","155631","184259","349386","0.445441432","0.52737946","602401","91913"
"Louisiana","22071","Orleans Parish","73.5388664","97.1390725","26664","147854","177819","0.14995023","0.831485949","390144","45092"
"Maryland","24003","Anne Arundel County","77.9633052","97.0811743","127821","172823","309617","0.412835858","0.558183175","579234","100916"
"Massachusetts","25017","Middlesex County","88.653632","95.8247867","226956","617196","863577","0.262809223","0.714697126","1611699","106543"
"Michigan","26139","Ottawa County","69.4842189","93.3629605","100913","64705","168713","0.598134109","0.383521128","291830","69827"
"Mississippi","28059","Jackson County","56.219151","80.1549369","36295","17375","54623","0.664463687","0.318089449","143617","53414"
"North Carolina","37135","Orange County","83.7358534","96.3529708","20176","63594","84997","0.237373084","0.748191113","148476","74314"
"Ohio","39003","Allen County","44.1508346","77.7448622","33116","14149","48006","0.689830438","0.294733992","102351","58271"
"Pennsylvania","42045","Delaware County","77.547227","97.6063253","118532","206423","329006","0.360273065","0.62741409","566747","76783"
"Tennessee","47165","Sumner County","64.3858795","90.7212937","63454","27680","92630","0.685026449","0.298823275","191283","69391"
"Texas","48303","Lubbock County","68.6837774","87.9027645","78861","40017","120771","0.652979606","0.331346101","310569","54733"
"Texas","48355","Nueces County","63.8814491","87.4308967","64617","60925","127314","0.507540412","0.478541244","362294","56079"
"Virginia","51121","Montgomery County","78.6088072","95.9651236","20629","23218","45037","0.458045607","0.515531674","98535","58740"
"Alabama","1101","Montgomery County","68.7761385","95.0773391","33311","64529","99139","0.336002986","0.650894199","226486","52711"
"Alabama","1125","Tuscaloosa County","56.1914074","90.567957","51117","37765","90172","0.56688329","0.418810717","209355","52307"
"Arkansas","5031","Craighead County","61.0964345","82.4044165","25558","11921","38511","0.66365454","0.309547921","110332","47766"
"Arkansas","5143","Washington County","76.6734083","92.0910792","47504","43824","94266","0.503935671","0.464897206","239187","52158"
"Colorado","8001","Adams County","79.8537633","92.978974","95657","134202","236735","0.40406784","0.566887026","517421","75341"
"Delaware","10005","Sussex County","73.5389335","96.1402485","71230","56682","129352","0.550667945","0.438199641","234225","64839"
"Florida","12033","Escambia County","62.717922","79.3432731","96674","70929","170372","0.56742892","0.416318409","318316","52822"
"Florida","12057","Hillsborough County","66.9321732","92.2742504","327398","376367","712063","0.459787968","0.528558569","1471968","61133"
"Georgia","13067","Cobb County","75.6111423","90.0369325","165436","221847","393728","0.420178397","0.563452434","760141","79622"
"Illinois","17089","Kane County","74.9335659","93.7298711","96775","130166","231876","0.417356691","0.561360382","532403","84311"
"Indiana","18081","Johnson County","71.1740654","90.5761291","51219","24736","77618","0.659885594","0.318688964","158167","74427"
"Indiana","18163","Vanderburgh County","63.4997366","94.3508862","41844","34415","77662","0.538796323","0.443138214","181451","51603"
"Indiana","18167","Vigo County","63.5308341","89.5760933","24545","18123","43594","0.563036198","0.415722347","107038","48082"
"Iowa","19193","Woodbury County","70.2573582","91.6258096","25736","18704","45362","0.567347119","0.412327499","103107","58419"
"Mississippi","28047","Harrison County","66.9712059","84.8638037","46822","27728","75865","0.617175246","0.365491333","208080","49619"
"Montana","30063","Missoula County","71.6600839","93.4005362","26347","43357","71986","0.366001723","0.602297669","119600","57279"
"New Hampshire","33017","Strafford County","77.7386553","93.6346349","30489","41721","73729","0.41352792","0.565869604","130633","71486"
"New Jersey","34007","Camden County","73.020875","97.1085751","86207","175065","265599","0.32457577","0.659132753","506471","73168"
"New Jersey","34041","Warren County","67.3192802","91.9779007","34769","24901","61057","0.569451496","0.407832026","105267","83998"
"New York","36069","Ontario County","78.5085295","95.8581807","29039","29025","59674","0.486627342","0.486392734","109777","66754"
"New York","36085","Richmond County","71.5414579","96.3661195","123320","90997","216153","0.570521806","0.42098421","476143","86624"
"New York","36109","Tompkins County","86.0795727","97.6016939","11096","33619","45735","0.242615065","0.735082541","102180","59176"
"North Carolina","37035","Catawba County","66.5551585","90.5014005","56588","25689","83425","0.678309859","0.307929278","159551","53688"
"North Carolina","37063","Durham County","79.6519803","97.2529601","32459","144688","179914","0.180413976","0.804206454","321488","65541"
"North Carolina","37147","Pitt County","66.0694854","90.1587497","38982","47252","87573","0.4451372","0.539572699","180742","52961"
"Ohio","39151","Stark County","59.6333135","91.0520938","111097","75904","189879","0.585093665","0.399749314","370606","55623"
"Oklahoma","40145","Wagoner County","59.9950013","77.8508239","26165","8464","35338","0.740421076","0.239515536","81289","65191"
"South Carolina","45003","Aiken County","65.6744006","85.3398417","51589","32275","85185","0.605611317","0.378881258","170872","56824"
"Texas","48167","Galveston County","71.9873316","91.3031049","93911","58842","155060","0.605642977","0.379478911","342139","73214"
"Alabama","1081","Lee County","63.5527988","88.3840515","42221","27860","71449","0.590924995","0.38992848","164542","54160"
"California","6001","Alameda County","84.0107161","97.0755824","136309","617659","769864","0.177055948","0.80229625","1671329","107589"
"California","6053","Monterey County","78.070615","96.7571163","46299","113953","163883","0.282512524","0.695331425","434061","76509"
"California","6079","San Luis Obispo County","80.1609588","95.2107725","67436","88310","159681","0.422316995","0.553040124","283111","76599"
"California","6081","San Mateo County","86.8628684","98.7184587","75563","291410","374138","0.201965585","0.778883727","766573","135234"
"California","6107","Tulare County","69.5788141","92.5806206","77579","66105","146832","0.52835213","0.450208401","466195","56776"
"Florida","12017","Citrus County","59.8276653","73.8797089","65352","27092","93208","0.701141533","0.290661746","149657","49762"
"Illinois","17043","DuPage County","81.4660992","95.4311828","193611","281222","485064","0.399145267","0.57976267","922921","96354"
"Kansas","20173","Sedgwick County","71.9723597","91.8968408","117653","90820","213552","0.55093373","0.425282835","516042","60014"
"Kentucky","21037","Campbell County","73.2387282","93.8628868","28482","19374","48878","0.58271615","0.396374647","93584","66520"
"Maine","23005","Cumberland County","87.6571773","95.0602742","59584","128759","193765","0.307506516","0.664511135","295003","75254"
"Massachusetts","25001","Barnstable County","87.2932199","94.4115961","55311","91994","150325","0.367942791","0.611967404","212990","82686"
"Michigan","26005","Allegan County","70.3441848","90.0914333","41392","24449","67094","0.616925507","0.364399201","118081","66568"
"Michigan","26115","Monroe County","64.4195383","91.0158632","52710","32975","87148","0.604833157","0.378379309","150500","64341"
"Nebraska","31109","Lancaster County","77.7975349","92.3815743","70092","82293","157215","0.445835321","0.52344242","319090","61383"
"New Jersey","34021","Mercer County","73.4323294","96.3482028","51641","122532","177223","0.291389944","0.6914001","367430","79475"
"New Mexico","35045","San Juan County","74.4130609","84.343557","32874","18083","52294","0.628638085","0.345794929","123958","46201"
"North Carolina","37021","Buncombe County","75.1157795","95.7166189","62412","96515","161569","0.386286973","0.59736088","261191","55448"
"North Carolina","37183","Wake County","74.753559","94.2482814","226197","393336","631830","0.358002944","0.622534543","1111761","84377"
"Ohio","39045","Fairfield County","74.1496803","93.9462029","50797","31224","83311","0.609727407","0.374788443","157574","71782"
"Ohio","39099","Mahoning County","63.756698","90.4248444","59903","57641","118966","0.50353042","0.484516585","228683","48018"
"Oregon","41067","Washington County","87.1875223","95.6721804","99073","209940","320326","0.309288038","0.655394817","601592","85665"
"Pennsylvania","42013","Blair County","61.3627038","89.5032488","45306","17636","63595","0.712414498","0.277317399","121829","51004"
"Pennsylvania","42125","Washington County","69.0090948","91.3728473","72080","45088","118478","0.608382991","0.380560104","206865","65558"
"Tennessee","47065","Hamilton County","68.5341787","91.2857755","92108","75522","171113","0.538287564","0.441357466","367804","57802"
"Tennessee","47149","Rutherford County","66.7927516","84.0249298","81480","59341","143878","0.566313126","0.412439706","332285","69614"
"Texas","48423","Smith County","68.9641486","84.9533716","69080","29615","100075","0.690282288","0.295928054","232751","59538"
"Washington","53061","Snohomish County","82.911549","93.4230275","166428","256728","438796","0.379283312","0.585073702","822083","89119"
"Wisconsin","55087","Outagamie County","66.2332154","86.170562","58385","47667","108022","0.540491752","0.441271223","187885","66994"
"Wisconsin","55139","Winnebago County","68.81005","85.1115029","47796","44060","94032","0.508295048","0.468563893","171907","59643"
"California","6067","Sacramento County","75.5547334","95.9623941","259405","440808","718290","0.361142436","0.613690849","1552058","71891"
"California","6077","San Joaquin County","65.5232733","93.3710204","121098","161137","288443","0.419833381","0.558644169","762148","68458"
"Colorado","8013","Boulder County","86.2453756","97.1863169","42501","159089","206111","0.206204424","0.771860793","326196","88341"
"Florida","12099","Palm Beach County","71.8681499","94.767469","334711","433572","773158","0.4329141","0.560780591","1496770","66621"
"Georgia","13215","Muscogee County","61.1276308","91.1629201","30107","49446","80514","0.373934968","0.61412922","195769","47035"
"Illinois","17201","Winnebago County","71.5431766","95.4150821","60861","64056","127710","0.47655626","0.501573878","282572","59510"
"Indiana","18035","Delaware County","60.8882703","81.6971958","26827","20474","48191","0.556680708","0.424851113","114135","45912"
"Indiana","18039","Elkhart County","51.453744","87.2294919","46972","26108","74387","0.631454421","0.350975305","206341","55782"
"Indiana","18091","LaPorte County","69.0519715","90.0740507","25997","22427","49392","0.526340298","0.454061386","109888","56427"
"Kentucky","21067","Fayette County","79.3790406","95.3435061","58860","90600","152912","0.384927278","0.592497646","323152","58981"
"Kentucky","21093","Hardin County","64.5568598","90.718166","29832","18101","48941","0.609550275","0.369853497","110958","57711"
"Maine","23009","Hancock County","78.3415468","94.8751278","14982","19369","35325","0.424118896","0.548308563","54987","58926"
"Massachusetts","25011","Franklin County","76.6445545","91.0126235","11201","30030","42458","0.263813651","0.707287201","70180","60143"
"Minnesota","27137","St. Louis County","83.9112886","90.7402839","49017","67704","119531","0.41007772","0.566413734","199070","60228"
"Minnesota","27163","Washington County","82.8090388","93.8317173","73764","89165","166786","0.442267337","0.534607221","262440","100857"
"Missouri","29510","St. Louis city","74.4981356","95.3831146","21474","110089","133867","0.160412947","0.82237594","300576","46309"
"New Hampshire","33009","Grafton County","83.8096593","94.9779382","19905","33180","53989","0.368686214","0.614569635","89886","62468"
"New Hampshire","33013","Merrimack County","86.3546875","98.1111026","39711","48533","89887","0.441788023","0.539933472","151391","75800"
"New Jersey","34001","Atlantic County","70.6649153","92.4974082","64438","73808","140441","0.458826126","0.525544535","263670","62678"
"New Jersey","34023","Middlesex County","74.2843477","94.3614361","143467","226250","375692","0.381873982","0.602222033","825062","92770"
"New Jersey","34027","Morris County","80.9934228","97.9052191","141134","153881","300917","0.46901305","0.511373568","491845","116328"
"New York","36029","Erie County","75.5550956","95.0337446","197527","267174","473021","0.417586111","0.564824818","918702","60620"
"North Carolina","37179","Union County","64.7969349","86.1315491","80382","48725","131011","0.613551534","0.371915335","239859","86138"
"Ohio","39095","Lucas County","66.8286872","93.4108367","81763","115411","200623","0.407545496","0.575263056","428348","49924"
"Ohio","39109","Miami County","59.4324396","87.3163251","41371","15663","57972","0.713637618","0.270182157","106987","63524"
"Oklahoma","40101","Muskogee County","55.9561351","88.3283669","16526","8027","25081","0.658905147","0.32004306","67997","43392"
"Oklahoma","40109","Oklahoma County","70.0899886","91.9033693","145050","141724","294740","0.492128656","0.480844134","797434","56272"
"Oregon","41051","Multnomah County","89.1603506","96.2833788","82995","367249","463659","0.179000084","0.792067015","812855","72469"
"Pennsylvania","42017","Bucks County","76.0535343","93.3730824","187367","204712","396234","0.472869567","0.516644205","628270","93587"
"South Carolina","45083","Spartanburg County","56.6030009","80.8620442","93560","52926","148655","0.629376745","0.356032424","319785","55588"
"Washington","53057","Skagit County","78.0507756","93.731664","32762","38252","73423","0.446208954","0.520981164","129205","67551"
"California","6047","Merced County","60.2010779","92.300878","39397","48991","90541","0.435128837","0.541091881","277680","59733"
"California","6055","Napa County","83.8050427","98.722193","20676","49817","72122","0.286680902","0.69073237","137744","90230"
"California","6073","San Diego County","76.181665","95.8837025","600094","964650","1601722","0.374655527","0.60225807","3338330","83576"
"California","6089","Shasta County","60.5958059","91.3981029","60789","30000","92900","0.654348762","0.322927879","180080","61464"
"Indiana","18057","Hamilton County","80.4671125","97.5966131","101587","88390","193999","0.523647029","0.455620905","338011","107710"
"Iowa","19013","Black Hawk County","68.5733675","89.6136508","29640","35647","66593","0.445091826","0.535296503","131228","60010"
"Iowa","19113","Linn County","79.5473334","91.3108019","53364","70874","127458","0.418679094","0.556057682","226706","64783"
"New Jersey","34013","Essex County","74.6681027","95.8394316","75475","266820","345311","0.218571085","0.772694759","798975","64522"
"New Jersey","34031","Passaic County","71.3237873","95.4238502","92009","129097","224330","0.410150225","0.57547809","501826","76039"
"New York","36067","Onondaga County","78.4849162","95.4316228","90619","138894","234735","0.386048097","0.59170554","460528","61597"
"North Carolina","37001","Alamance County","65.5436574","94.4448864","46056","38825","86091","0.534968812","0.450976293","169509","57963"
"Oklahoma","40131","Rogers County","57.0928949","75.3018889","34031","9589","44553","0.763831841","0.215226809","92459","67054"
"Oregon","41033","Josephine County","59.7744633","84.817922","31751","18451","51641","0.614840921","0.357293623","87487","47533"
"Pennsylvania","42073","Lawrence County","63.5311995","90.75589","29597","15978","46076","0.642351767","0.346774894","85512","50979"
"South Carolina","45019","Charleston County","67.8203346","89.5884645","93297","121485","218857","0.426292054","0.555088482","411406","70980"
"Texas","48113","Dallas County","72.128686","96.6090133","307076","598576","921638","0.333185047","0.649469748","2635516","61807"
"Virginia","51153","Prince William County","70.817483","93.7041649","81222","142863","228056","0.356149367","0.626438243","470335","106208"
"Virginia","51179","Stafford County","67.7968972","87.3262952","37636","40245","79625","0.47266562","0.505431711","152882","109090"
"Washington","53035","Kitsap County","88.4768038","91.0019457","61563","90277","158672","0.387989059","0.568953565","271473","79268"
"Wisconsin","55063","La Crosse County","86.5202441","97.1416471","28684","37846","67884","0.42254434","0.55750987","118016","59758"
"California","6029","Kern County","68.3890753","92.4809717","164484","133366","305226","0.538892493","0.436941807","900202","53245"
"California","6071","San Bernardino County","67.8031215","93.7397122","366257","455859","840931","0.435537517","0.542088471","2180085","67398"
"Colorado","8031","Denver County","85.1053272","95.4449829","71618","313293","393827","0.181851422","0.795509196","727211","75456"
"Florida","12111","St. Lucie County","56.4945921","88.7341922","86831","84137","172169","0.504335856","0.48868844","328297","57292"
"Iowa","19061","Dubuque County","69.3545751","89.4978138","27214","25657","53926","0.504654527","0.475781627","97311","62481"
"Kentucky","21111","Jefferson County","73.9763961","96.7332299","150646","228358","386629","0.38963968","0.590638571","766757","59025"
"Louisiana","22017","Caddo Parish","61.4588713","88.0366188","48021","55110","104912","0.457726476","0.525297392","240204","45613"
"Maine","23031","York County","78.7621681","94.2558055","54817","71189","129659","0.422778211","0.549047887","207641","66803"
"Massachusetts","25015","Hampshire County","90.7055896","95.34471","22281","63362","87854","0.25361395","0.721219296","160830","74142"
"Michigan","26161","Washtenaw County","91.0549911","94.0741575","56241","157136","216418","0.259872099","0.726076389","367601","76728"
"Michigan","26163","Wayne County","70.6019293","95.224723","264553","597170","872469","0.303223381","0.684459849","1749343","50753"
"Missouri","29019","Boone County","80.3179983","90.9154609","38646","50064","91168","0.423898736","0.549140049","180463","58029"
"Montana","30049","Lewis and Clark County","78.792292","96.1851407","21409","19743","42485","0.50391903","0.46470519","69432","66075"
"New Jersey","34015","Gloucester County","72.52638","95.5183094","83340","86702","173453","0.480475979","0.499858751","291636","87996"
"New York","36093","Schenectady County","76.0269836","95.7560855","30741","42465","74826","0.410833133","0.567516639","155299","64960"
"North Carolina","37081","Guilford County","68.3087721","94.6138666","107294","173086","284486","0.377150369","0.608416583","537174","55820"
"North Carolina","37155","Robeson County","51.4131857","91.5252595","27806","19020","47188","0.589259981","0.403068577","130625","36366"
"Ohio","39023","Clark County","62.6384492","86.1162013","39032","24076","64212","0.607861459","0.374945493","134083","50832"
"Ohio","39133","Portage County","65.3424639","86.105656","45990","35661","82872","0.554952215","0.43031422","162466","57439"
"Pennsylvania","42089","Monroe County","64.4243482","90.4243738","38726","44060","83829","0.461964237","0.525593768","170271","63012"
"Pennsylvania","42095","Northampton County","77.1014799","94.476652","83854","85087","171399","0.489232726","0.496426467","305285","73780"
"South Carolina","45045","Greenville County","58.9165008","88.987504","150021","103030","258155","0.581127617","0.399101315","523542","64399"
"Tennessee","47179","Washington County","68.4062596","91.6881702","40444","18638","60203","0.671793764","0.309585901","129375","51879"
"Texas","48309","McLennan County","62.3056613","91.267909","59543","36688","97771","0.609004715","0.375244193","256623","51078"
"Virginia","51041","Chesterfield County","76.4045591","95.4711091","93326","106935","203884","0.457740676","0.524489416","352802","81641"
"Virginia","51760","Richmond city","76.3427211","96.9690468","16603","92175","111159","0.149362625","0.829217607","230436","50949"
"Alabama","1051","Elmore County","52.6244408","88.7275336","30164","10367","41030","0.735169388","0.252668779","81209","62310"
"Arkansas","5045","Faulkner County","70.9425063","88.4805213","34421","18347","54428","0.632413464","0.337087528","126007","58482"
"California","6111","Ventura County","77.7649823","96.9664046","162207","251388","422698","0.383742057","0.594722473","846006","91446"
"Connecticut","9001","Fairfield County","81.7790377","97.0998889","169039","297505","472990","0.357383877","0.628987928","943332","96966"
"Florida","12095","Orange County","66.3915742","94.8520971","245398","395014","647403","0.379049834","0.610151637","1393452","63133"
"Georgia","13121","Fulton County","74.1768106","92.317137","137247","380212","523779","0.262032269","0.725901573","1063937","79235"
"Illinois","17115","Macon County","60.0954031","85.9235619","28589","19847","49387","0.578877032","0.401866888","104009","52259"
"Iowa","19155","Pottawattamie County","73.3632605","87.8003452","26247","18575","45744","0.573780168","0.406064183","93206","60322"
"Kansas","20209","Wyandotte County","61.2187524","89.7430583","18512","35566","55107","0.335928285","0.645398951","165429","47292"
"Maryland","24510","Baltimore city","71.2099278","96.8287344","25374","207260","237461","0.106855442","0.87281701","593490","49780"
"Michigan","26081","Kent County","76.295797","94.018641","165741","187915","361048","0.459055306","0.520470962","656955","66560"
"Michigan","26093","Livingston County","69.8495566","92.9090644","76982","48220","127197","0.605218677","0.379096991","191995","87827"
"Michigan","26145","Saginaw County","68.4175413","89.5028582","50785","51088","103349","0.49139324","0.494325054","190539","48471"
"New York","36111","Ulster County","75.837533","96.0781329","37590","57970","97420","0.385855061","0.595052351","177573","64090"
"North Carolina","37025","Cabarrus County","59.9885311","88.8787288","63237","52162","117227","0.539440573","0.44496575","216453","72071"
"North Carolina","37133","Onslow County","49.1685232","86.7995817","46078","24266","72235","0.637890219","0.335931335","197938","50645"
"Ohio","39049","Franklin County","73.7707224","94.1190821","211237","409144","630577","0.334990017","0.648840665","1316756","64648"
"Ohio","39113","Montgomery County","72.992957","93.0422177","129034","135064","268505","0.480564608","0.50302229","531687","54704"
"Ohio","39165","Warren County","74.2133659","93.4479063","87988","46069","136100","0.646495224","0.338493755","234602","91645"
"Oklahoma","40031","Comanche County","61.2673111","86.023301","20905","13747","35631","0.586708204","0.385815722","120749","51184"
"Texas","48245","Jefferson County","68.6926981","92.59544","47570","46073","94739","0.502116341","0.486315034","251565","55173"
"Wisconsin","55079","Milwaukee County","74.5625514","95.0591134","134357","317270","458971","0.292735271","0.691263718","945726","53505"
"Alabama","1089","Madison County","78.0757605","95.7845628","102780","87286","194767","0.527707466","0.448156002","372909","68609"
"Arizona","4019","Pima County","76.955239","93.5791092","207758","304981","520735","0.398970686","0.585674095","1047279","56150"
"California","6085","Santa Clara County","83.5594516","96.6859649","214612","617967","850522","0.252329746","0.726573798","1927852","132444"
"California","6097","Sonoma County","83.236639","97.0201777","61825","199938","268252","0.230473585","0.745336475","494336","87084"
"Florida","12021","Collier County","78.8336192","85.8801266","128950","77621","207818","0.620494856","0.373504701","384902","76415"
"Florida","12069","Lake County","60.269539","86.863018","125859","83505","211314","0.595601806","0.395170221","367118","57660"
"Florida","12081","Manatee County","72.5384212","89.2893238","124987","90166","216958","0.57608846","0.415591958","403253","64151"
"Georgia","13117","Forsyth County","63.8568629","83.7816654","85123","42208","129311","0.658281198","0.32640688","244252","113332"
"Georgia","13245","Richmond County","64.3881562","85.0686595","26780","59119","87009","0.307784252","0.679458447","202518","44810"
"Louisiana","22051","Jefferson Parish","71.9004533","94.1149037","105949","84477","193733","0.546881533","0.436048582","432493","55909"
"Maryland","24027","Howard County","82.783573","98.3881166","48390","129433","183062","0.264336673","0.707044608","325690","121329"
"Nebraska","31153","Sarpy County","78.7582057","91.0637282","51979","41206","96193","0.540361565","0.428367969","187196","84016"
"New Mexico","35049","Santa Fe County","78.7090378","97.590222","18329","62530","82227","0.222907318","0.760455811","150358","61791"
"New York","36063","Niagara County","67.7407847","92.137323","56068","46029","104080","0.538700999","0.442246349","209281","56371"
"North Carolina","37051","Cumberland County","59.0422139","89.8803733","60032","84469","147150","0.407964662","0.574033299","335509","46599"
"Pennsylvania","42021","Cambria County","62.3737018","90.1533324","48085","21730","70574","0.681341571","0.307903761","130192","48798"
"Pennsylvania","42081","Lycoming County","57.0658718","77.1963164","41462","16971","59254","0.699733351","0.286411044","113299","53762"
"Pennsylvania","42133","York County","68.3168476","90.7831857","146733","88114","238471","0.615307522","0.369495662","449058","69101"
"Utah","49057","Weber County","80.2875434","92.1887572","65949","40695","111442","0.591778683","0.365167531","260213","71835"
"Washington","53077","Yakima County","55.9309364","93.3827662","50555","43179","96193","0.525557993","0.448878817","250873","55674"
"Wisconsin","55105","Rock County","69.8536433","86.8780018","37138","46658","85360","0.435074977","0.546602624","163354","61624"
